,MAE,RMSE
Train,0.0911167800411112,0.11664642132149826
Validation,0.0967232326047539,0.12352643989197411
Test,0.09253190527226843,0.12012021244741478
