,MAE,RMSE
Train,0.38624054787901146,0.5256971241344472
Validation,0.5005618135952001,0.6705946633089797
Test,0.5181458215491107,0.6688756864527307
