,MAE,RMSE
Train,0.22713085023723092,0.27986408258360773
Validation,0.23925232589382067,0.2884977291897486
Test,0.2101093298532041,0.25700024287266326
